GROUP,NAME,HOURS,BREAK,FOLLOWUP,MEETING,CAMPAIGN,DEPARTMENT
,John,7.9625,0.2627777777777778,1.201111111111111,0.7213888888888889,Sales,Outbound
,Jim,4.614166666666667,0.043333333333333335,0.23972222222222223,0.0011111111111111111,Sales,Outbound